Player,Pos,Age,Tm,G,GS,MP,FG,FGA,FG%,3P,3PA,3P%,2P,2PA,2P%,eFG%,FT,FTA,FT%,ORB,DRB,TRB,AST,STL,BLK,TOV,PF,PTS
Álex Abrines,SG,25,OKC,31,2,19.0,1.8,5.1,.357,1.3,4.1,.323,0.5,1.0,.500,.487,0.4,0.4,.923,0.2,1.4,1.5,0.6,0.5,0.2,0.5,1.7,5.3
Deng Adel,SF,21,CLE,19,3,10.2,0.6,1.9,.306,0.3,1.2,.261,0.3,0.7,.385,.389,0.2,0.2,1.000,0.2,0.8,1.0,0.3,0.1,0.2,0.3,0.7,1.7
DeVaughn Akoon-Purcell,SG,25,DEN,7,0,3.1,0.4,1.4,.300,0.0,0.6,.000,0.4,0.9,.500,.300,0.1,0.3,.500,0.1,0.4,0.6,0.9,0.3,0.0,0.3,0.6,1.0
Rawle Alkins,SG,21,CHI,10,1,12.0,1.3,3.9,.333,0.3,1.2,.250,1.0,2.7,.370,.372,0.8,1.2,.667,1.1,1.5,2.6,1.3,0.1,0.0,0.8,0.7,3.7
Grayson Allen,SG,23,UTA,38,2,10.9,1.8,4.7,.376,0.8,2.6,.323,0.9,2.1,.443,.466,1.2,1.6,.750,0.1,0.5,0.6,0.7,0.2,0.2,0.9,1.2,5.6
Justin Anderson,SF,25,ATL,48,4,9.6,1.3,3.3,.408,0.5,1.6,.312,0.8,1.7,.500,.484,0.5,0.7,.743,0.5,1.3,1.8,0.5,0.5,0.3,0.5,1.0,3.7
Kyle Anderson,SF,25,MEM,43,40,29.8,3.5,6.4,.543,0.2,0.8,.265,3.3,5.6,.583,.560,0.9,1.5,.578,1.1,4.7,5.8,3.0,1.3,0.9,1.3,2.6,8.0
OG Anunoby,SF,21,TOR,67,6,20.2,2.7,6.0,.453,1.0,3.0,.332,1.7,3.0,.574,.536,0.5,0.9,.581,0.9,2.1,2.9,0.7,0.7,0.3,0.8,2.1,7.0
Trevor Ariza,SF,33,TOT,69,69,34.0,4.3,10.7,.399,2.1,6.3,.334,2.2,4.4,.493,.498,1.9,2.4,.793,0.7,4.7,5.4,3.7,1.3,0.3,1.5,1.9,12.5
Trevor Ariza,SF,33,PHO,26,26,34.0,3.3,8.7,.379,1.9,5.3,.360,1.4,3.4,.409,.489,1.4,1.7,.837,0.6,5.0,5.6,3.3,1.5,0.3,1.5,1.7,9.9
Trevor Ariza,SF,33,WAS,43,43,34.1,4.8,11.8,.409,2.2,6.9,.322,2.6,5.0,.528,.502,2.2,2.8,.777,0.8,4.5,5.3,3.8,1.2,0.3,1.6,2.0,14.1
Dwayne Bacon,SG,23,CHO,43,13,17.7,2.8,6.0,.475,0.9,2.0,.437,2.0,4.0,.494,.549,0.8,1.1,.739,0.2,1.9,2.1,1.1,0.3,0.1,0.4,1.7,7.3
Ron Baker,SG,25,TOT,15,0,10.1,0.3,1.3,.200,0.1,0.9,.077,0.2,0.5,.429,.225,0.3,0.4,.833,0.1,0.7,0.7,1.0,0.4,0.1,0.3,1.2,0.9
Ron Baker,SG,25,NYK,11,0,9.7,0.4,1.5,.250,0.1,0.8,.111,0.3,0.6,.429,.281,0.5,0.5,.833,0.1,0.5,0.6,1.2,0.5,0.0,0.3,1.5,1.3
Ron Baker,SG,25,WAS,4,0,11.3,0.0,1.0,.000,0.0,1.0,.000,0.0,0.0,0,.000,0.0,0.0,0,0.0,1.0,1.0,0.5,0.3,0.3,0.5,0.5,0.0
Harrison Barnes,SF,26,SAC,28,28,33.9,5.0,11.1,.455,1.9,4.6,.408,3.1,6.4,.489,.540,2.3,2.9,.800,0.8,4.8,5.5,1.9,0.6,0.1,1.1,1.5,14.3
Will Barton,SF,28,DEN,43,38,27.7,4.3,10.7,.402,1.6,4.6,.342,2.7,6.1,.447,.475,1.3,1.7,.770,0.7,3.9,4.6,2.9,0.4,0.5,1.5,1.9,11.5
Keita Bates-Diop,SF,23,MIN,30,3,16.8,2.0,4.7,.423,0.4,1.7,.250,1.6,3.0,.522,.468,0.6,0.9,.643,0.5,2.2,2.8,0.6,0.6,0.5,0.5,1.0,5.0
Nicolas Batum,SF,30,CHO,75,72,31.4,3.4,7.5,.450,1.5,4.0,.389,1.8,3.5,.519,.553,1.0,1.2,.865,0.9,4.3,5.2,3.3,0.9,0.6,1.6,1.9,9.3
Kent Bazemore,SG,29,ATL,67,35,24.5,4.1,10.3,.402,1.4,4.5,.320,2.7,5.8,.465,.472,1.9,2.6,.726,0.6,3.3,3.9,2.3,1.3,0.6,1.8,2.5,11.6
Bradley Beal,SG,25,WAS,82,82,36.9,9.3,19.6,.475,2.5,7.3,.351,6.8,12.4,.548,.540,4.4,5.5,.808,1.1,3.9,5.0,5.5,1.5,0.7,2.7,2.8,25.6
Malik Beasley,SG,22,DEN,81,18,23.2,4.3,9.1,.474,2.0,5.0,.402,2.3,4.1,.560,.584,0.7,0.8,.848,0.4,2.0,2.5,1.2,0.7,0.1,0.7,1.4,11.3
Marco Belinelli,SG,32,SAS,79,1,23.0,3.6,8.7,.413,1.9,5.0,.372,1.7,3.7,.468,.520,1.4,1.6,.903,0.2,2.3,2.5,1.7,0.4,0.1,0.9,1.5,10.5
DeAndre' Bembry,SG,24,ATL,82,15,23.5,3.4,7.5,.446,0.6,2.1,.289,2.7,5.4,.508,.487,1.1,1.7,.640,0.7,3.7,4.4,2.5,1.3,0.5,1.7,2.3,8.4
Dairis Bertāns,SG,29,NOP,12,0,13.9,1.0,3.9,.255,0.8,2.8,.294,0.2,1.1,.154,.362,0.0,0.0,0,0.2,0.6,0.8,0.8,0.1,0.0,0.2,0.6,2.8
Antonio Blakeney,SG,22,CHI,57,3,14.5,2.9,6.9,.419,0.6,1.6,.396,2.3,5.4,.426,.465,0.9,1.3,.658,0.1,1.7,1.9,0.7,0.2,0.2,0.6,0.7,7.3
Jaron Blossomgame,SF,25,CLE,27,4,16.3,1.7,3.9,.443,0.4,1.4,.256,1.4,2.5,.552,.491,0.4,0.5,.769,1.0,2.7,3.6,0.5,0.3,0.3,0.4,0.7,4.2
Bogdan Bogdanović,SG,26,SAC,70,17,27.8,5.2,12.3,.418,1.9,5.3,.360,3.2,7.0,.462,.496,1.9,2.3,.827,0.6,2.9,3.5,3.8,1.0,0.2,1.7,2.0,14.1
Bojan Bogdanović,SF,29,IND,81,81,31.8,6.4,13.0,.497,2.0,4.8,.425,4.4,8.2,.538,.575,3.0,3.8,.807,0.4,3.7,4.1,2.0,0.9,0.0,1.7,1.7,18.0
Devin Booker,SG,22,PHO,64,64,35.0,9.2,19.6,.467,2.1,6.5,.326,7.0,13.1,.536,.521,6.1,7.1,.866,0.6,3.5,4.1,6.8,0.9,0.2,4.1,3.1,26.6
Avery Bradley,SG,28,TOT,63,63,30.2,3.9,9.7,.408,1.4,3.9,.351,2.6,5.8,.446,.479,0.7,0.8,.860,0.7,2.1,2.8,2.4,0.7,0.3,1.4,2.7,9.9
Avery Bradley,SG,28,LAC,49,49,29.9,3.3,8.6,.383,1.2,3.5,.337,2.1,5.1,.415,.452,0.4,0.5,.800,0.7,2.0,2.7,2.0,0.6,0.3,1.2,2.7,8.2
Avery Bradley,SG,28,MEM,14,14,31.6,6.2,13.4,.463,2.0,5.2,.384,4.2,8.2,.513,.537,1.6,1.8,.920,0.6,2.6,3.1,4.0,1.0,0.0,2.0,2.4,16.1
Corey Brewer,SF,32,TOT,31,3,15.9,1.7,4.0,.431,0.5,1.4,.318,1.3,2.5,.494,.488,1.0,1.4,.721,0.8,1.6,2.5,1.3,1.0,0.2,0.6,2.0,4.9
Corey Brewer,SF,32,PHI,7,3,20.0,2.9,7.0,.408,0.6,2.0,.286,2.3,5.0,.457,.449,1.3,1.9,.692,0.6,1.9,2.4,1.4,1.7,0.3,1.1,2.3,7.6
Corey Brewer,SF,32,SAC,24,0,14.7,1.4,3.1,.446,0.4,1.3,.333,1.0,1.8,.523,.514,0.9,1.3,.733,0.9,1.5,2.5,1.2,0.8,0.2,0.5,2.0,4.1
Mikal Bridges,SF,22,PHO,82,56,29.5,3.0,6.9,.430,1.3,3.8,.335,1.7,3.0,.548,.523,1.2,1.4,.805,0.7,2.5,3.2,2.1,1.6,0.5,0.9,2.5,8.3
Miles Bridges,SF,20,CHO,80,25,21.2,3.0,6.4,.464,0.8,2.5,.325,2.2,3.9,.553,.527,0.7,1.0,.753,0.8,3.2,4.0,1.2,0.7,0.6,0.6,1.4,7.5
Ryan Broekhoff,SG,28,DAL,42,0,10.8,1.4,3.0,.452,0.9,2.2,.409,0.5,0.8,.576,.603,0.4,0.5,.789,0.2,1.3,1.5,0.5,0.1,0.1,0.4,0.8,4.0
Malcolm Brogdon,SG,26,MIL,64,64,28.6,5.9,11.7,.505,1.6,3.8,.426,4.3,7.9,.544,.575,2.2,2.4,.928,1.0,3.5,4.5,3.2,0.7,0.2,1.4,1.6,15.6
Dillon Brooks,SF,23,MEM,18,0,18.3,2.7,6.8,.402,0.8,2.2,.375,1.9,4.6,.415,.463,1.2,1.7,.733,0.5,1.2,1.7,0.9,0.6,0.2,1.1,2.8,7.5
MarShon Brooks,SG,30,MEM,29,0,13.3,2.6,5.8,.450,0.5,1.9,.278,2.1,4.0,.530,.494,0.8,1.1,.697,0.4,1.1,1.6,0.9,0.3,0.1,0.7,1.1,6.6
Bruce Brown,SG,22,DET,74,56,19.6,1.7,4.2,.398,0.3,1.3,.258,1.4,3.0,.457,.436,0.6,0.8,.750,0.6,1.9,2.5,1.2,0.5,0.5,0.6,2.4,4.3
Jaylen Brown,SG,22,BOS,74,25,25.9,5.0,10.7,.465,1.3,3.7,.344,3.7,7.0,.529,.525,1.8,2.7,.658,0.9,3.4,4.2,1.4,0.9,0.4,1.3,2.5,13.0
Sterling Brown,SG,23,MIL,58,7,17.8,2.5,5.4,.465,0.9,2.5,.361,1.6,2.8,.558,.550,0.5,0.7,.690,0.5,2.7,3.2,1.4,0.4,0.1,0.8,1.5,6.4
Troy Brown Jr.,SF,19,WAS,52,10,14.0,1.9,4.5,.415,0.4,1.3,.319,1.4,3.2,.455,.462,0.6,0.9,.681,0.7,2.1,2.8,1.5,0.4,0.1,0.6,1.1,4.8
Reggie Bullock,SG,27,TOT,63,60,29.8,3.9,9.4,.412,2.3,6.2,.377,1.5,3.2,.483,.537,1.2,1.3,.859,0.3,2.4,2.7,2.0,0.6,0.2,1.0,1.7,11.3
Reggie Bullock,SG,27,DET,44,44,30.8,4.1,10.0,.413,2.6,6.7,.388,1.5,3.3,.463,.542,1.3,1.5,.875,0.5,2.3,2.8,2.5,0.5,0.1,1.2,1.8,12.1
Reggie Bullock,SG,27,LAL,19,16,27.6,3.3,8.1,.412,1.8,5.2,.343,1.5,2.8,.537,.523,0.9,1.1,.810,0.1,2.5,2.6,1.1,0.8,0.4,0.6,1.6,9.3
Alec Burks,SG,27,TOT,64,24,21.5,3.0,7.4,.405,1.0,2.6,.363,2.0,4.8,.428,.469,1.8,2.2,.823,0.5,3.2,3.7,2.0,0.6,0.3,1.0,1.4,8.8
Alec Burks,SG,27,UTA,17,0,15.8,2.8,6.7,.412,0.9,2.5,.372,1.8,4.2,.437,.482,1.9,2.2,.868,0.1,1.5,1.6,1.2,0.4,0.2,0.9,1.3,8.4
Alec Burks,SG,27,CLE,34,24,28.8,4.0,10.0,.400,1.3,3.5,.378,2.7,6.5,.412,.466,2.3,2.9,.806,0.8,4.7,5.5,2.9,0.7,0.5,1.4,1.8,11.6
Alec Burks,SG,27,SAC,13,0,9.8,0.7,1.5,.450,0.0,0.5,.000,0.7,1.1,.643,.450,0.3,0.4,.800,0.2,1.5,1.7,0.8,0.6,0.1,0.3,0.5,1.7
Deonte Burton,SG,25,OKC,32,0,7.5,1.0,2.6,.402,0.3,0.8,.296,0.8,1.7,.455,.451,0.3,0.4,.667,0.1,0.8,0.9,0.3,0.2,0.3,0.3,1.0,2.6
Jimmy Butler,SG,29,MIN,10,10,36.1,7.4,15.7,.471,1.7,4.5,.378,5.7,11.2,.509,.525,4.8,6.1,.787,1.6,3.6,5.2,4.3,2.4,1.0,1.4,1.8,21.3
Jimmy Butler,SF,29,PHI,55,55,33.2,6.3,13.6,.461,0.9,2.7,.338,5.3,10.9,.491,.494,4.8,5.5,.868,1.9,3.4,5.3,4.0,1.8,0.5,1.5,1.7,18.2
Kentavious Caldwell-Pope,SG,25,LAL,82,23,24.8,4.0,9.2,.430,1.8,5.3,.347,2.1,3.9,.542,.530,1.7,1.9,.867,0.6,2.3,2.9,1.3,0.9,0.2,0.8,1.7,11.4
Omri Casspi,SF,30,MEM,36,0,14.4,2.4,4.5,.534,0.4,1.2,.349,2.0,3.3,.602,.581,1.1,1.6,.672,0.5,2.7,3.2,0.7,0.6,0.3,0.6,1.0,6.3
Wilson Chandler,SF,31,LAC,15,1,15.1,1.5,4.4,.348,0.9,2.7,.325,0.7,1.7,.385,.447,0.3,0.5,.714,0.3,2.9,3.1,0.7,0.2,0.2,0.5,1.9,4.3
Ian Clark,SG,27,NOP,60,6,16.2,2.5,6.4,.394,1.1,3.4,.327,1.4,3.0,.470,.480,0.6,0.6,.892,0.2,1.3,1.5,1.6,0.4,0.1,1.0,1.6,6.7
Jordan Clarkson,SG,26,CLE,81,0,27.3,6.5,14.6,.448,1.8,5.5,.324,4.8,9.1,.524,.509,2.0,2.4,.844,1.0,2.3,3.3,2.4,0.7,0.2,1.7,1.4,16.8
Bonzie Colson,SF,23,MIL,8,2,12.3,1.6,4.9,.333,0.6,2.6,.238,1.0,2.3,.444,.397,1.0,1.1,.889,1.0,2.8,3.8,0.4,0.6,0.1,0.4,0.4,4.9
Pat Connaughton,SG,26,MIL,61,2,20.7,2.7,5.7,.466,1.1,3.3,.330,1.6,2.5,.647,.560,0.5,0.7,.725,1.0,3.2,4.2,2.0,0.5,0.4,0.5,1.3,6.9
Robert Covington,SF,28,TOT,35,35,34.4,4.5,10.3,.431,2.4,6.4,.378,2.0,3.9,.518,.548,1.9,2.5,.764,0.8,4.7,5.5,1.3,2.1,1.3,1.3,3.6,13.3
Robert Covington,SF,28,PHI,13,13,33.8,3.8,9.0,.427,2.3,5.9,.390,1.5,3.1,.500,.556,1.3,1.8,.739,0.5,4.6,5.2,1.1,1.8,1.8,1.7,3.5,11.3
Robert Covington,SF,28,MIN,22,22,34.7,4.8,11.1,.433,2.5,6.7,.372,2.3,4.4,.526,.545,2.3,3.0,.773,1.0,4.8,5.7,1.5,2.3,1.1,1.1,3.7,14.5
Allen Crabbe,SG,26,BRK,43,20,26.3,3.2,8.7,.367,2.3,6.0,.378,0.9,2.7,.342,.499,1.0,1.3,.732,0.4,3.1,3.4,1.1,0.5,0.3,1.1,2.4,9.6
Torrey Craig,SF,28,DEN,75,37,20.0,2.1,4.8,.442,0.8,2.5,.324,1.3,2.3,.569,.526,0.7,0.9,.700,1.2,2.3,3.5,1.0,0.5,0.6,0.6,2.3,5.7
Jamal Crawford,SG,38,PHO,64,0,18.9,2.7,6.8,.397,1.0,3.2,.332,1.7,3.7,.453,.474,1.5,1.7,.845,0.1,1.2,1.3,3.6,0.5,0.2,1.5,1.2,7.9
Mitch Creek,SF,26,TOT,5,0,9.6,1.6,3.2,.500,0.0,0.4,.000,1.6,2.8,.571,.500,1.0,1.4,.714,1.2,1.2,2.4,1.2,0.4,0.0,0.2,0.6,4.2
Mitch Creek,SF,26,BRK,4,0,9.0,1.3,2.5,.500,0.0,0.3,.000,1.3,2.3,.556,.500,1.3,1.8,.714,1.3,1.3,2.5,1.3,0.3,0.0,0.0,0.8,3.8
Mitch Creek,SF,26,MIN,1,0,12.0,3.0,6.0,.500,0.0,1.0,.000,3.0,5.0,.600,.500,0.0,0.0,0,1.0,1.0,2.0,1.0,1.0,0.0,1.0,0.0,6.0
Jae Crowder,SF,28,UTA,80,11,27.1,4.0,10.0,.399,2.2,6.5,.331,1.8,3.4,.527,.508,1.8,2.5,.721,0.8,4.1,4.8,1.7,0.8,0.4,1.1,2.1,11.9
Seth Curry,SG,28,POR,74,2,18.9,2.9,6.3,.456,1.5,3.4,.450,1.3,2.9,.463,.577,0.6,0.7,.846,0.4,1.3,1.6,0.9,0.5,0.2,0.8,1.3,7.9
Troy Daniels,SG,27,PHO,51,1,14.9,2.2,5.4,.411,1.5,3.8,.381,0.8,1.6,.481,.545,0.4,0.5,.783,0.3,1.2,1.4,0.5,0.5,0.1,0.5,1.5,6.2
Luol Deng,SF,33,MIN,22,2,17.8,2.7,5.4,.500,0.6,2.0,.318,2.0,3.4,.608,.559,1.1,1.6,.714,0.9,2.4,3.3,0.8,0.7,0.4,0.6,1.1,7.1
DeMar DeRozan,SG,29,SAS,77,77,34.9,8.2,17.1,.481,0.1,0.6,.156,8.1,16.5,.492,.483,4.8,5.7,.830,0.7,5.3,6.0,6.2,1.1,0.5,2.6,2.3,21.2
Hamidou Diallo,SG,20,OKC,51,3,10.3,1.5,3.2,.455,0.1,0.5,.167,1.4,2.8,.504,.467,0.7,1.2,.610,0.7,1.2,1.9,0.3,0.4,0.2,0.5,1.5,3.7
Donte DiVincenzo,SG,22,MIL,27,0,15.2,1.9,4.6,.403,0.8,3.1,.265,1.0,1.5,.683,.492,0.3,0.4,.750,0.6,1.8,2.4,1.1,0.5,0.2,0.7,1.4,4.9
Luka Dončić,SG,19,DAL,72,72,32.2,7.0,16.5,.427,2.3,7.1,.327,4.7,9.3,.503,.497,4.8,6.7,.713,1.2,6.6,7.8,6.0,1.1,0.3,3.4,1.9,21.2
Tyler Dorsey,SG,22,TOT,48,11,14.5,2.2,5.5,.405,0.9,2.8,.333,1.3,2.8,.477,.489,0.8,1.3,.623,0.6,1.8,2.4,1.2,0.3,0.0,0.6,1.1,6.2
Tyler Dorsey,SG,22,ATL,27,0,9.3,1.2,3.3,.360,0.4,1.4,.256,0.8,1.9,.440,.416,0.6,1.0,.615,0.3,1.3,1.6,0.6,0.3,0.0,0.4,0.7,3.3
Tyler Dorsey,SG,22,MEM,21,11,21.3,3.6,8.3,.429,1.6,4.4,.366,2.0,3.9,.500,.526,1.0,1.7,.629,0.9,2.5,3.3,1.9,0.3,0.0,0.8,1.6,9.8
Damyean Dotson,SG,24,NYK,73,40,27.5,4.0,9.6,.415,1.7,4.7,.368,2.2,4.9,.461,.506,1.0,1.3,.745,0.5,3.1,3.6,1.8,0.8,0.1,1.0,1.8,10.7
PJ Dozier,SG,22,BOS,6,0,8.5,1.3,3.5,.381,0.3,1.3,.250,1.0,2.2,.462,.429,0.2,0.3,.500,1.0,1.8,2.8,0.8,0.3,0.0,0.0,0.3,3.2
Kevin Durant,SF,30,GSW,78,78,34.6,9.2,17.7,.521,1.8,5.0,.353,7.5,12.8,.587,.571,5.7,6.5,.885,0.4,5.9,6.4,5.9,0.7,1.1,2.9,2.0,26.0
Vince Edwards,SF,22,HOU,2,0,8.0,0.5,2.0,.250,0.5,2.0,.250,0.0,0.0,0,.375,0.0,0.0,0,0.5,0.5,1.0,0.0,0.0,0.0,0.0,0.0,1.5
Wayne Ellington,SG,31,TOT,53,38,24.5,3.5,8.6,.403,2.6,7.0,.371,0.9,1.6,.541,.554,0.7,0.9,.796,0.3,1.8,2.0,1.4,1.0,0.1,0.8,1.7,10.3
Wayne Ellington,SG,31,MIA,25,12,21.3,2.8,7.4,.375,2.3,6.2,.368,0.5,1.2,.414,.530,0.6,0.6,.875,0.2,1.6,1.9,1.2,1.0,0.1,0.6,1.6,8.4
Wayne Ellington,SG,31,DET,28,26,27.3,4.1,9.8,.421,2.9,7.8,.373,1.2,2.0,.607,.570,0.9,1.2,.758,0.3,1.9,2.1,1.5,1.1,0.1,0.9,1.9,12.0
James Ennis III,SF,28,TOT,58,27,21.2,2.4,5.1,.469,0.9,2.7,.353,1.4,2.4,.601,.563,1.0,1.4,.716,1.0,2.1,3.1,0.7,0.7,0.4,0.6,2.6,6.7
James Ennis III,SF,28,HOU,40,25,23.7,2.6,5.3,.493,1.1,3.0,.367,1.5,2.3,.659,.597,1.1,1.5,.724,0.9,2.0,2.9,0.7,1.0,0.4,0.6,2.8,7.4
James Ennis III,SF,28,PHI,18,2,15.6,1.9,4.6,.410,0.6,2.0,.306,1.3,2.6,.489,.476,0.9,1.3,.696,1.3,2.3,3.6,0.8,0.2,0.4,0.6,2.2,5.3
Jacob Evans,SG,21,GSW,30,1,6.8,0.6,1.8,.340,0.1,0.5,.267,0.5,1.3,.368,.377,0.0,0.0,.000,0.2,0.6,0.8,0.8,0.2,0.1,0.4,0.9,1.3
Tyreke Evans,SG,29,IND,69,18,20.3,3.7,9.6,.389,1.1,3.1,.356,2.6,6.4,.405,.448,1.7,2.3,.719,0.5,2.4,2.9,2.4,0.8,0.3,1.7,1.7,10.2
Terrance Ferguson,SG,20,OKC,74,74,26.1,2.5,5.8,.429,1.4,3.9,.366,1.1,1.9,.560,.552,0.5,0.7,.725,0.4,1.5,1.9,1.0,0.5,0.2,0.6,3.1,6.9
Dorian Finney-Smith,SF,25,DAL,81,26,24.5,2.8,6.5,.432,1.0,3.1,.311,1.8,3.4,.544,.507,0.9,1.3,.709,1.7,3.1,4.8,1.2,0.9,0.4,0.9,2.3,7.5
Bryn Forbes,SG,25,SAS,82,81,28.0,4.4,9.6,.456,2.1,5.0,.426,2.3,4.6,.489,.568,0.8,1.0,.885,0.2,2.7,2.9,2.1,0.5,0.0,1.0,1.9,11.8
Evan Fournier,SG,26,ORL,81,81,31.5,5.8,13.2,.438,1.9,5.6,.340,3.9,7.6,.509,.509,1.7,2.1,.806,0.5,2.7,3.2,3.6,0.9,0.1,1.9,2.8,15.1
Melvin Frazier,SG,22,ORL,10,0,4.4,0.7,2.1,.333,0.0,0.6,.000,0.7,1.5,.467,.333,0.1,0.4,.250,0.3,0.2,0.5,0.1,0.1,0.0,0.1,0.6,1.5
Jimmer Fredette,SG,29,PHO,6,0,10.8,1.3,4.8,.276,0.0,2.2,.000,1.3,2.7,.500,.276,1.0,1.0,1.000,0.2,1.0,1.2,1.3,0.5,0.0,0.8,0.8,3.7
Markelle Fultz,SG,20,PHI,19,15,22.5,3.4,8.2,.419,0.2,0.7,.286,3.2,7.4,.433,.432,1.1,1.9,.568,1.4,2.3,3.7,3.1,0.9,0.3,1.3,2.7,8.2
Danilo Gallinari,SF,30,LAC,68,68,30.3,6.0,13.0,.463,2.4,5.5,.433,3.6,7.5,.484,.554,5.4,6.0,.904,0.8,5.3,6.1,2.6,0.7,0.3,1.5,1.9,19.8
Langston Galloway,SG,27,DET,80,4,21.8,2.9,7.3,.388,1.7,4.8,.355,1.2,2.6,.449,.503,1.0,1.2,.844,0.6,1.5,2.1,1.1,0.5,0.1,0.3,1.7,8.4
Billy Garrett,SG,24,NYK,4,0,15.8,2.8,6.8,.407,0.0,2.0,.000,2.8,4.8,.579,.407,1.0,1.0,1.000,0.0,0.8,0.8,1.8,0.3,0.3,0.5,0.8,6.5
Paul George,SF,28,OKC,77,77,36.9,9.2,21.0,.438,3.8,9.8,.386,5.4,11.1,.484,.529,5.9,7.0,.839,1.4,6.8,8.2,4.1,2.2,0.4,2.7,2.8,28.0
Eric Gordon,SG,30,HOU,68,53,31.7,5.6,13.8,.409,3.2,8.8,.360,2.5,5.0,.497,.525,1.8,2.2,.783,0.3,1.9,2.2,1.9,0.6,0.4,1.3,2.1,16.2
Treveon Graham,SG,25,BRK,35,21,20.4,1.8,5.5,.335,1.1,3.7,.297,0.7,1.8,.413,.435,0.5,0.6,.818,0.7,2.4,3.1,1.0,0.4,0.2,0.5,1.9,5.3
Donte Grantham,SF,23,OKC,3,0,0.7,0.0,0.7,.000,0.0,0.7,.000,0.0,0.0,0,.000,0.0,0.0,0,0.0,0.0,0.0,0.0,0.0,0.0,0.0,0.0,0.0
Danny Green,SG,31,TOR,80,80,27.7,3.7,7.9,.465,2.5,5.4,.455,1.2,2.4,.487,.622,0.5,0.6,.841,0.8,3.2,4.0,1.6,0.9,0.7,0.9,2.1,10.3
Gerald Green,SG,33,HOU,73,0,20.2,3.2,7.9,.400,2.1,6.0,.354,1.0,1.9,.547,.535,0.8,0.9,.838,0.4,2.1,2.5,0.5,0.5,0.4,0.8,1.7,9.2
Daniel Hamilton,SG,23,ATL,19,3,10.7,1.2,3.2,.383,0.4,1.2,.348,0.8,1.9,.405,.450,0.2,0.3,.500,0.5,1.9,2.5,1.2,0.3,0.1,0.8,1.0,3.0
Dusty Hannahs,SG,25,MEM,2,0,13.0,1.5,6.0,.250,0.0,2.5,.000,1.5,3.5,.429,.250,1.0,1.0,1.000,0.0,0.5,0.5,2.5,0.5,0.0,0.5,0.5,4.0
Tim Hardaway Jr.,SG,26,TOT,65,63,31.6,6.0,15.3,.393,2.5,7.3,.340,3.5,7.9,.442,.474,3.6,4.2,.841,0.5,2.9,3.4,2.4,0.8,0.1,1.6,2.2,18.1
Tim Hardaway Jr.,SG,26,NYK,46,46,32.6,6.1,15.8,.388,2.5,7.3,.347,3.6,8.5,.424,.469,4.3,5.1,.854,0.6,2.9,3.5,2.7,0.9,0.1,1.8,2.3,19.1
Tim Hardaway Jr.,SG,26,DAL,19,17,29.4,5.7,14.1,.404,2.4,7.4,.321,3.3,6.7,.496,.489,1.7,2.3,.767,0.4,2.8,3.2,1.9,0.6,0.1,1.3,1.8,15.5
Maurice Harkless,SF,25,POR,60,53,23.6,3.2,6.5,.487,0.6,2.0,.275,2.6,4.5,.582,.530,0.8,1.2,.671,1.3,3.2,4.5,1.2,1.1,0.9,0.8,2.7,7.7
Gary Harris,SG,24,DEN,57,48,28.8,4.7,11.2,.424,1.4,4.2,.339,3.3,6.9,.476,.488,2.0,2.5,.799,0.7,2.1,2.8,2.2,1.0,0.3,1.2,2.0,12.9
Joe Harris,SG,27,BRK,76,76,30.2,4.9,9.8,.500,2.4,5.1,.474,2.5,4.8,.528,.622,1.4,1.8,.827,0.7,3.1,3.8,2.4,0.5,0.2,1.6,2.4,13.7
Shaquille Harrison,SG,25,CHI,73,11,19.6,2.5,5.8,.432,0.3,1.2,.270,2.2,4.6,.475,.460,1.1,1.7,.667,0.5,2.6,3.0,1.9,1.2,0.4,0.8,1.7,6.5
Josh Hart,SG,23,LAL,67,22,25.6,2.8,6.9,.407,1.4,4.1,.336,1.4,2.8,.511,.506,0.8,1.2,.688,0.5,3.2,3.7,1.4,1.0,0.6,0.9,2.2,7.8
Mario Hezonja,SF,23,NYK,58,24,20.8,3.3,8.0,.412,0.7,2.6,.276,2.6,5.4,.478,.457,1.5,2.0,.763,0.5,3.6,4.1,1.5,1.0,0.1,1.5,1.9,8.8
Buddy Hield,SG,26,SAC,82,82,31.9,7.6,16.6,.458,3.4,7.9,.427,4.2,8.6,.487,.560,2.1,2.4,.886,1.3,3.7,5.0,2.5,0.7,0.4,1.8,2.5,20.7
Haywood Highsmith,SF,22,PHI,5,0,8.0,0.8,2.0,.400,0.2,1.0,.200,0.6,1.0,.600,.450,0.0,0.4,.000,0.0,1.0,1.0,0.4,0.2,0.0,0.2,0.2,1.8
Solomon Hill,SF,27,NOP,44,15,20.0,1.5,4.0,.382,0.7,2.3,.317,0.8,1.8,.468,.472,0.5,0.7,.719,0.8,2.3,3.0,1.3,0.5,0.2,0.7,1.8,4.3
Jrue Holiday,SG,28,NOP,67,67,35.9,8.2,17.3,.472,1.8,5.4,.325,6.4,11.9,.539,.523,3.1,4.0,.768,1.1,3.9,5.0,7.7,1.6,0.8,3.1,2.2,21.2
Justin Holiday,SG,29,TOT,82,77,31.8,3.7,9.5,.386,2.0,5.7,.348,1.7,3.8,.442,.490,1.2,1.3,.896,0.6,3.4,3.9,1.8,1.5,0.4,1.3,2.0,10.5
Justin Holiday,SG,29,CHI,38,38,34.9,4.0,10.4,.383,2.6,7.1,.359,1.4,3.3,.435,.506,1.1,1.2,.891,0.5,3.9,4.4,2.2,1.8,0.6,1.2,2.1,11.6
Justin Holiday,SG,29,MEM,44,39,29.1,3.4,8.7,.389,1.5,4.4,.333,1.9,4.3,.447,.474,1.2,1.4,.900,0.6,2.9,3.5,1.4,1.2,0.3,1.3,1.9,9.5
John Holland,SF,30,CLE,1,0,1.0,0.0,0.0,0,0.0,0.0,0,0.0,0.0,0,0,0.0,0.0,0,0.0,0.0,0.0,0.0,0.0,0.0,0.0,0.0,0.0
Rondae Hollis-Jefferson,SF,24,BRK,59,21,20.9,3.4,8.3,.411,0.2,0.8,.184,3.2,7.4,.436,.420,2.0,3.1,.645,1.4,3.8,5.3,1.6,0.7,0.5,1.2,1.8,8.9
Rodney Hood,SG,26,TOT,72,49,26.3,4.1,9.3,.435,1.2,3.3,.356,2.9,6.0,.478,.498,1.9,2.2,.884,0.3,1.8,2.2,1.8,0.8,0.2,0.8,2.0,11.2
Rodney Hood,SG,26,CLE,45,45,27.4,4.3,10.1,.427,1.2,3.4,.362,3.1,6.7,.460,.488,2.3,2.5,.912,0.4,2.1,2.5,2.0,0.8,0.1,0.8,2.2,12.2
Rodney Hood,SG,26,POR,27,4,24.4,3.6,8.0,.452,1.1,3.1,.345,2.6,4.9,.519,.518,1.2,1.5,.805,0.3,1.4,1.7,1.3,0.8,0.3,0.7,1.7,9.6
Danuel House Jr.,SF,25,HOU,39,13,25.1,3.0,6.5,.468,1.9,4.6,.416,1.1,1.9,.595,.615,1.4,1.8,.789,0.6,2.9,3.6,1.0,0.5,0.3,0.9,2.1,9.4
Kevin Huerter,SG,20,ATL,75,59,27.3,3.7,8.8,.419,1.8,4.7,.385,1.9,4.1,.457,.522,0.5,0.7,.732,0.8,2.5,3.3,2.9,0.9,0.3,1.5,2.1,9.7
R.J. Hunter,SG,25,BOS,1,0,26.0,6.0,13.0,.462,4.0,10.0,.400,2.0,3.0,.667,.615,1.0,2.0,.500,1.0,2.0,3.0,3.0,1.0,0.0,0.0,3.0,17.0
Chandler Hutchison,SF,22,CHI,44,14,20.3,2.2,4.8,.459,0.3,1.1,.280,1.9,3.6,.516,.493,0.5,0.9,.605,0.7,3.5,4.2,0.8,0.5,0.1,0.6,1.3,5.2
Andre Iguodala,SF,35,GSW,68,13,23.2,2.2,4.4,.500,0.7,2.1,.333,1.5,2.3,.652,.579,0.6,1.0,.582,0.7,3.0,3.7,3.2,0.9,0.8,0.8,1.4,5.7
Andre Ingram,SG,33,LAL,4,0,3.8,0.0,1.5,.000,0.0,0.8,.000,0.0,0.8,.000,.000,0.0,0.0,0,0.3,0.3,0.5,0.0,0.3,0.0,0.3,0.0,0.0
Brandon Ingram,SF,21,LAL,52,52,33.8,7.0,14.0,.497,0.6,1.8,.330,6.4,12.2,.521,.518,3.8,5.6,.675,0.8,4.3,5.1,3.0,0.5,0.6,2.5,2.9,18.3
Wes Iwundu,SF,24,ORL,68,13,18.1,1.7,4.0,.412,0.4,1.2,.367,1.2,2.9,.431,.465,1.2,1.5,.816,0.5,2.2,2.7,1.1,0.4,0.3,0.6,1.8,5.0
Josh Jackson,SG,21,PHO,79,29,25.2,4.4,10.6,.413,0.9,2.8,.324,3.5,7.8,.445,.456,1.8,2.7,.671,0.8,3.6,4.4,2.3,0.9,0.7,2.2,2.6,11.5
Justin Jackson,SF,23,TOT,81,14,19.9,2.7,6.0,.447,1.1,3.0,.355,1.6,3.0,.542,.537,0.8,1.0,.785,0.5,2.1,2.6,1.2,0.4,0.2,0.4,1.2,7.2
Justin Jackson,SF,23,SAC,52,3,20.8,2.4,5.7,.424,1.1,3.1,.346,1.3,2.6,.515,.517,0.8,1.0,.820,0.5,2.3,2.8,1.3,0.4,0.3,0.4,1.3,6.7
Justin Jackson,SF,23,DAL,29,11,18.3,3.2,6.6,.484,1.1,3.0,.372,2.1,3.6,.577,.568,0.7,1.0,.724,0.7,1.6,2.3,1.0,0.3,0.0,0.2,1.1,8.2
LeBron James,SF,34,LAL,55,55,35.2,10.1,19.9,.510,2.0,5.9,.339,8.1,14.0,.582,.560,5.1,7.6,.665,1.0,7.4,8.5,8.3,1.3,0.6,3.6,1.7,27.4
John Jenkins,SG,27,TOT,26,0,12.8,1.6,4.0,.400,0.8,2.2,.379,0.8,1.8,.426,.505,0.6,0.7,.833,0.2,1.2,1.4,0.8,0.0,0.1,0.3,0.4,4.7
John Jenkins,SG,27,WAS,4,0,3.5,0.5,0.5,1.000,0.5,0.5,1.000,0.0,0.0,0,1.500,0.0,0.0,0,0.0,0.3,0.3,0.3,0.0,0.0,0.0,0.0,1.5
John Jenkins,SG,27,NYK,22,0,14.5,1.8,4.7,.388,0.9,2.5,.357,0.9,2.1,.426,.485,0.7,0.8,.833,0.3,1.4,1.6,1.0,0.0,0.1,0.4,0.5,5.2
B.J. Johnson,SF,23,TOT,7,0,7.0,1.3,2.6,.500,0.4,1.0,.429,0.9,1.6,.545,.583,0.3,0.3,1.000,0.3,0.9,1.1,0.0,0.3,0.0,0.3,0.6,3.3
B.J. Johnson,SF,23,ATL,6,0,7.2,1.3,2.7,.500,0.5,1.0,.500,0.8,1.7,.500,.594,0.3,0.3,1.000,0.3,1.0,1.3,0.0,0.3,0.0,0.3,0.5,3.5
B.J. Johnson,SF,23,SAC,1,0,6.0,1.0,2.0,.500,0.0,1.0,.000,1.0,1.0,1.000,.500,0.0,0.0,0,0.0,0.0,0.0,0.0,0.0,0.0,0.0,1.0,2.0
Stanley Johnson,SF,22,TOT,66,7,18.3,2.6,6.7,.389,0.9,3.3,.288,1.7,3.4,.484,.459,0.8,1.0,.781,0.5,2.8,3.3,1.3,0.9,0.2,1.2,1.7,6.9
Stanley Johnson,SF,22,DET,48,7,20.0,2.8,7.3,.381,1.1,3.8,.282,1.7,3.5,.488,.454,0.9,1.1,.804,0.5,3.1,3.6,1.3,1.0,0.3,1.1,1.9,7.5
Stanley Johnson,SF,22,NOP,18,0,13.7,2.1,5.1,.418,0.6,1.9,.324,1.5,3.2,.474,.478,0.5,0.7,.692,0.5,1.8,2.3,1.6,0.7,0.1,1.4,1.2,5.3
Wesley Johnson,SF,31,TOT,38,13,14.1,1.2,3.4,.352,0.7,2.0,.329,0.5,1.4,.385,.449,0.3,0.5,.684,0.3,1.6,1.9,0.6,0.4,0.3,0.5,1.7,3.4
Wesley Johnson,SF,31,NOP,26,13,14.5,1.3,3.4,.398,0.7,1.9,.380,0.6,1.5,.421,.506,0.2,0.3,.667,0.4,1.7,2.1,0.6,0.5,0.3,0.5,1.7,3.7
Wesley Johnson,SF,31,WAS,12,0,13.1,0.8,3.3,.250,0.5,2.2,.231,0.3,1.2,.286,.325,0.6,0.8,.700,0.2,1.3,1.5,0.6,0.2,0.4,0.5,1.5,2.8
Derrick Jones Jr.,SF,21,MIA,60,14,19.2,2.7,5.4,.494,0.5,1.5,.308,2.2,3.9,.567,.537,1.2,2.0,.607,1.6,2.4,4.0,0.6,0.8,0.7,0.7,2.1,7.0
Jalen Jones,SF,25,CLE,16,0,13.4,1.6,3.9,.419,0.6,1.8,.357,1.0,2.1,.471,.500,1.2,1.7,.704,0.7,1.4,2.1,0.4,0.6,0.1,0.5,1.7,5.1
Jemerrio Jones,SF,23,LAL,6,2,23.8,2.0,5.5,.364,0.3,1.7,.200,1.7,3.8,.435,.394,0.2,0.3,.500,2.7,5.5,8.2,2.2,1.2,0.8,0.8,1.7,4.5
Luke Kennard,SG,22,DET,63,10,22.8,3.6,8.3,.438,1.7,4.3,.394,1.9,4.0,.486,.540,0.8,1.0,.836,0.2,2.7,2.9,1.8,0.4,0.2,0.9,1.5,9.7
George King,SF,25,PHO,1,0,6.0,0.0,0.0,0,0.0,0.0,0,0.0,0.0,0,0,0.0,0.0,0,0.0,1.0,1.0,0.0,0.0,0.0,0.0,0.0,0.0
Furkan Korkmaz,SG,21,PHI,48,7,14.1,2.0,5.1,.400,1.0,3.0,.326,1.1,2.1,.505,.496,0.8,0.9,.818,0.3,1.9,2.2,1.1,0.6,0.0,0.5,1.3,5.8
Kyle Korver,SG,37,UTA,54,0,20.1,3.1,7.5,.408,2.1,5.4,.384,1.0,2.1,.469,.547,0.9,1.1,.825,0.2,2.3,2.5,1.2,0.4,0.2,0.8,1.6,9.1
Rodions Kurucs,SF,20,BRK,63,46,20.5,3.2,7.1,.450,0.9,2.9,.315,2.3,4.2,.543,.514,1.1,1.5,.783,0.9,3.0,3.9,0.8,0.7,0.4,1.2,2.3,8.5
Jeremy Lamb,SG,26,CHO,79,55,28.5,5.5,12.4,.440,1.5,4.2,.348,4.0,8.2,.487,.499,2.9,3.3,.888,0.8,4.7,5.5,2.2,1.1,0.4,1.0,1.8,15.3
Zach LaVine,SG,23,CHI,63,62,34.5,8.4,18.0,.467,1.9,5.1,.374,6.5,12.9,.504,.520,5.0,6.0,.832,0.6,4.0,4.7,4.5,1.0,0.4,3.4,2.2,23.7
Jake Layman,SF,24,POR,71,33,18.7,3.0,6.0,.509,0.8,2.5,.326,2.2,3.4,.646,.579,0.7,1.0,.704,0.8,2.3,3.1,0.7,0.4,0.4,0.6,1.6,7.6
Courtney Lee,SG,33,TOT,34,6,12.6,1.6,3.8,.411,0.5,1.6,.291,1.1,2.2,.500,.473,0.4,0.6,.667,0.3,1.3,1.6,1.1,0.6,0.1,0.4,0.9,4.0
Courtney Lee,SG,33,NYK,12,2,13.3,1.8,3.9,.447,0.4,1.3,.313,1.3,2.6,.516,.500,0.8,1.2,.643,0.5,1.8,2.3,1.3,0.7,0.2,0.4,1.1,4.7
Courtney Lee,SG,33,DAL,22,4,12.2,1.5,3.7,.390,0.5,1.8,.282,1.0,2.0,.488,.457,0.2,0.3,.714,0.1,1.1,1.2,1.0,0.6,0.0,0.4,0.9,3.6
Damion Lee,SG,26,GSW,32,0,11.7,1.8,4.0,.441,0.8,2.1,.397,0.9,1.8,.492,.547,0.6,0.7,.864,0.3,1.8,2.0,0.4,0.4,0.0,0.3,0.9,4.9
Kawhi Leonard,SF,27,TOR,60,60,34.0,9.3,18.8,.496,1.9,5.0,.371,7.5,13.8,.542,.546,6.1,7.1,.854,1.3,6.0,7.3,3.3,1.8,0.4,2.0,1.5,26.6
Caris LeVert,SF,24,BRK,40,25,26.6,5.2,12.1,.429,1.2,3.9,.312,4.0,8.2,.483,.478,2.1,3.1,.691,0.9,2.9,3.8,3.9,1.1,0.4,1.7,1.9,13.7
Zach Lofton,SG,26,DET,1,0,4.0,0.0,1.0,.000,0.0,1.0,.000,0.0,0.0,0,.000,0.0,0.0,0,0.0,0.0,0.0,0.0,1.0,0.0,1.0,0.0,0.0
Timothé Luwawu-Cabarrot,SF,23,TOT,50,7,13.4,1.6,4.4,.376,0.7,2.3,.310,0.9,2.0,.451,.459,0.6,0.8,.756,0.2,1.7,1.9,0.5,0.4,0.2,0.4,1.5,4.6
Timothé Luwawu-Cabarrot,SF,23,OKC,21,1,5.9,0.6,2.0,.302,0.2,1.0,.227,0.4,1.0,.381,.360,0.2,0.3,.667,0.2,0.7,0.9,0.2,0.2,0.0,0.2,0.7,1.7
Timothé Luwawu-Cabarrot,SF,23,CHI,29,6,18.8,2.4,6.0,.394,1.1,3.2,.330,1.3,2.8,.469,.483,0.9,1.2,.771,0.2,2.5,2.7,0.8,0.5,0.2,0.6,2.0,6.8
Daryl Macon,SG,23,DAL,8,0,11.3,1.3,3.4,.370,0.6,1.4,.455,0.6,2.0,.313,.463,0.5,0.9,.571,0.3,1.3,1.5,0.9,0.1,0.0,0.8,1.0,3.6
J.P. Macura,SG,23,CHO,2,0,8.5,1.5,4.5,.333,0.0,2.0,.000,1.5,2.5,.600,.333,0.0,0.0,0,0.0,1.5,1.5,1.0,0.0,0.0,0.0,0.0,3.0
Wesley Matthews,SF,32,DAL,44,44,29.8,4.4,10.7,.414,2.3,6.0,.380,2.1,4.7,.456,.520,2.0,2.5,.791,0.5,1.9,2.3,2.3,0.8,0.3,1.3,2.3,13.1
Wesley Matthews,SG,32,NYK,2,1,27.0,2.0,9.5,.211,1.0,5.0,.200,1.0,4.5,.222,.263,2.0,2.5,.800,0.5,1.0,1.5,2.5,0.5,0.5,1.0,1.0,7.0
Wesley Matthews,SG,32,IND,23,23,31.5,3.5,9.1,.386,2.1,5.7,.369,1.4,3.5,.413,.500,1.8,2.1,.854,0.5,2.3,2.8,2.4,0.9,0.2,1.3,2.4,10.9
Tahjere McCall,SG,24,BRK,1,0,8.0,2.0,3.0,.667,0.0,1.0,.000,2.0,2.0,1.000,.667,0.0,1.0,.000,0.0,1.0,1.0,0.0,0.0,0.0,0.0,2.0,4.0
Patrick McCaw,SG,23,TOT,29,1,13.7,0.9,2.2,.413,0.3,1.0,.321,0.6,1.2,.486,.484,0.4,0.5,.867,0.2,1.4,1.7,1.0,0.8,0.1,0.6,1.3,2.6
Patrick McCaw,SG,23,CLE,3,0,17.7,0.7,3.0,.222,0.3,1.3,.250,0.3,1.7,.200,.278,0.0,0.0,0,0.0,1.0,1.0,0.7,0.7,0.0,1.0,0.3,1.7
Patrick McCaw,SG,23,TOR,26,1,13.2,0.9,2.1,.444,0.3,0.9,.333,0.6,1.2,.533,.519,0.5,0.6,.867,0.3,1.5,1.7,1.0,0.8,0.1,0.5,1.4,2.7
CJ McCollum,SG,27,POR,70,70,33.9,8.2,17.8,.459,2.4,6.4,.375,5.8,11.4,.506,.527,2.3,2.7,.828,0.9,3.1,4.0,3.0,0.8,0.4,1.5,2.5,21.0
Doug McDermott,SF,27,IND,77,1,17.4,2.7,5.5,.491,1.1,2.7,.408,1.6,2.8,.569,.590,0.9,1.0,.835,0.2,1.2,1.4,0.9,0.2,0.1,0.5,1.4,7.3
Rodney McGruder,SG,27,MIA,66,45,23.5,2.8,7.0,.403,1.2,3.4,.351,1.6,3.6,.453,.489,0.8,1.1,.722,0.9,2.7,3.6,1.7,0.5,0.2,1.0,1.7,7.6
Alfonzo McKinnie,SF,26,GSW,72,5,13.9,1.9,3.8,.487,0.6,1.6,.356,1.3,2.2,.586,.564,0.4,0.7,.563,1.1,2.3,3.4,0.4,0.3,0.2,0.4,1.9,4.7
Ben McLemore,SG,25,SAC,19,0,8.3,1.3,3.4,.391,0.9,2.2,.415,0.4,1.2,.348,.523,0.4,0.6,.667,0.2,0.7,0.9,0.2,0.3,0.2,0.3,1.2,3.9
Jordan McRae,SG,27,WAS,27,0,12.3,2.3,4.8,.469,0.4,1.3,.286,1.9,3.5,.537,.508,1.0,1.3,.800,0.2,1.3,1.5,1.1,0.5,0.3,0.6,1.0,5.9
Jodie Meeks,SG,31,TOR,8,0,13.0,2.6,4.9,.538,1.0,2.3,.444,1.6,2.6,.619,.641,0.1,0.1,1.000,0.1,1.4,1.5,1.0,0.1,0.1,0.3,0.6,6.4
Khris Middleton,SF,27,MIL,77,77,31.1,6.6,14.9,.441,2.3,6.2,.378,4.2,8.8,.485,.519,2.8,3.4,.837,0.6,5.3,6.0,4.3,1.0,0.1,2.3,2.2,18.3
C.J. Miles,SF,31,TOT,53,1,16.2,2.1,5.9,.360,1.3,3.8,.330,0.8,2.0,.417,.468,0.9,1.1,.828,0.2,1.5,1.8,0.7,0.5,0.3,0.6,1.5,6.4
C.J. Miles,SF,31,TOR,40,1,14.1,1.8,5.2,.340,1.1,3.4,.314,0.7,1.7,.391,.444,0.9,1.1,.795,0.3,1.4,1.7,0.6,0.5,0.3,0.5,1.6,5.5
C.J. Miles,SF,31,MEM,13,0,22.6,3.2,8.1,.400,1.8,5.1,.364,1.4,3.0,.462,.514,1.0,1.1,.929,0.1,2.0,2.1,1.1,0.6,0.4,0.7,1.3,9.3
Darius Miller,SF,28,NOP,69,15,25.5,2.7,7.0,.390,1.9,5.3,.365,0.8,1.7,.467,.528,0.8,1.0,.789,0.2,1.7,1.9,2.1,0.6,0.3,0.9,2.4,8.2
Malcolm Miller,SF,25,TOR,10,0,6.7,1.1,2.6,.423,1.0,2.1,.476,0.1,0.5,.200,.615,0.3,0.4,.750,0.1,0.4,0.5,0.1,0.1,0.1,0.1,0.5,3.5
Shake Milton,SG,22,PHI,20,0,13.4,1.7,4.4,.391,0.7,2.2,.318,1.0,2.2,.465,.471,0.3,0.4,.714,0.5,1.3,1.8,0.9,0.4,0.4,0.3,1.5,4.4
Donovan Mitchell,SG,22,UTA,77,77,33.7,8.6,19.9,.432,2.4,6.7,.362,6.1,13.1,.468,.493,4.1,5.1,.806,0.8,3.3,4.1,4.2,1.4,0.4,2.8,2.7,23.8
Naz Mitrou-Long,SG,25,UTA,14,0,6.0,0.4,1.4,.300,0.1,0.8,.182,0.3,0.6,.444,.350,0.1,0.1,1.000,0.1,0.4,0.4,1.1,0.1,0.1,0.6,0.7,1.1
Malik Monk,SG,20,CHO,73,0,17.2,3.1,8.0,.387,1.5,4.5,.330,1.6,3.5,.461,.480,1.2,1.4,.882,0.2,1.7,1.9,1.6,0.5,0.3,1.2,1.5,8.9
E'Twaun Moore,SG,29,NOP,53,36,27.6,4.8,10.0,.481,1.4,3.3,.432,3.4,6.7,.506,.553,0.8,1.1,.763,0.7,1.7,2.4,1.9,0.8,0.2,1.1,2.1,11.9
Jaylen Morris,SG,23,MIL,4,0,7.3,1.0,2.5,.400,0.3,0.8,.333,0.8,1.8,.429,.450,0.3,0.5,.500,0.0,1.3,1.3,1.0,0.5,0.0,0.3,0.3,2.5
Džanan Musa,SG,19,BRK,9,0,4.3,1.0,2.4,.409,0.1,1.1,.100,0.9,1.3,.667,.432,0.0,0.2,.000,0.1,0.4,0.6,0.2,0.2,0.0,0.4,0.1,2.1
Svi Mykhailiuk,SF,21,TOT,42,0,10.5,1.1,3.3,.329,0.7,2.1,.326,0.4,1.2,.333,.432,0.3,0.5,.600,0.2,0.6,0.9,0.9,0.3,0.0,0.5,0.6,3.2
Svi Mykhailiuk,SF,21,LAL,39,0,10.8,1.1,3.4,.333,0.7,2.2,.318,0.4,1.2,.362,.436,0.3,0.5,.600,0.2,0.7,0.9,0.8,0.3,0.0,0.5,0.6,3.3
Svi Mykhailiuk,SF,21,DET,3,0,6.7,0.7,2.7,.250,0.7,1.3,.500,0.0,1.3,.000,.375,0.0,0.0,0,0.3,0.3,0.7,1.3,0.3,0.0,0.3,0.0,2.0
Abdel Nader,SF,25,OKC,61,1,11.4,1.5,3.5,.423,0.5,1.6,.320,1.0,1.9,.513,.498,0.4,0.6,.750,0.2,1.7,1.9,0.3,0.3,0.2,0.4,1.1,4.0
James Nunnally,SF,28,TOT,15,0,6.8,0.8,2.3,.353,0.5,1.7,.320,0.3,0.6,.444,.471,0.3,0.3,1.000,0.0,0.3,0.3,0.5,0.1,0.0,0.1,0.7,2.4
James Nunnally,SF,28,MIN,13,0,4.9,0.7,1.6,.429,0.4,1.0,.385,0.3,0.6,.500,.548,0.3,0.3,1.000,0.0,0.3,0.3,0.4,0.1,0.0,0.1,0.3,2.1
James Nunnally,SF,28,HOU,2,0,19.0,1.5,6.5,.231,1.5,6.0,.250,0.0,0.5,.000,.346,0.0,0.0,0,0.0,0.5,0.5,1.0,0.0,0.0,0.0,3.0,4.5
David Nwaba,SF,26,CLE,51,14,19.3,2.5,5.1,.481,0.5,1.5,.320,2.0,3.7,.545,.527,1.1,1.7,.682,0.8,2.4,3.2,1.1,0.7,0.3,0.6,2.1,6.5
Royce O'Neale,SF,25,UTA,82,16,20.4,2.0,4.2,.475,0.8,2.1,.386,1.2,2.0,.569,.574,0.4,0.5,.762,0.3,3.2,3.5,1.5,0.7,0.3,0.9,2.1,5.2
Josh Okogie,SG,20,MIN,74,52,23.7,2.6,6.9,.386,0.8,2.9,.279,1.8,4.0,.464,.445,1.6,2.2,.728,0.6,2.4,2.9,1.2,1.2,0.4,0.9,2.2,7.7
Victor Oladipo,SG,26,IND,36,36,31.9,6.9,16.3,.423,2.1,6.0,.343,4.9,10.3,.470,.486,2.9,3.9,.730,0.6,5.0,5.6,5.2,1.7,0.3,2.3,2.0,18.8
Cedi Osman,SF,23,CLE,76,75,32.2,4.7,11.1,.427,1.7,4.9,.348,3.0,6.2,.489,.504,1.9,2.4,.779,0.6,4.1,4.7,2.6,0.8,0.1,1.5,2.6,13.0
Kelly Oubre Jr.,SF,23,TOT,69,19,28.0,5.4,12.2,.445,1.6,4.9,.320,3.9,7.3,.530,.510,2.7,3.5,.775,1.0,3.7,4.7,1.2,1.2,0.9,1.5,2.6,15.2
Kelly Oubre Jr.,SF,23,WAS,29,7,26.0,4.6,10.5,.433,1.4,4.6,.311,3.1,6.0,.526,.500,2.3,2.9,.800,0.8,3.6,4.4,0.7,0.9,0.7,1.0,2.4,12.9
Kelly Oubre Jr.,SF,23,PHO,40,12,29.5,6.1,13.4,.453,1.7,5.2,.325,4.4,8.3,.532,.515,3.0,4.0,.761,1.2,3.7,4.9,1.6,1.4,1.0,1.8,2.8,16.9
Chandler Parsons,SF,30,MEM,25,3,19.8,2.7,7.3,.374,1.2,3.8,.309,1.6,3.5,.443,.453,0.9,1.0,.880,0.2,2.6,2.8,1.7,0.8,0.2,1.3,1.8,7.5
Theo Pinson,SG,23,BRK,18,0,11.7,1.4,4.1,.342,0.7,2.6,.261,0.7,1.5,.481,.425,1.1,1.2,.864,0.2,1.8,2.0,1.2,0.3,0.0,1.0,0.8,4.5
Quincy Pondexter,SF,30,SAS,53,0,5.5,0.5,1.1,.500,0.1,0.3,.333,0.4,0.8,.575,.552,0.6,0.8,.810,0.2,0.7,0.9,0.5,0.2,0.0,0.2,0.5,1.8
Otto Porter Jr.,SF,25,TOT,56,43,30.1,5.3,11.5,.465,1.9,4.6,.406,3.5,6.9,.504,.546,1.4,1.7,.813,1.0,4.6,5.6,2.1,1.5,0.6,1.2,1.9,13.9
Otto Porter Jr.,SF,25,WAS,41,28,29.0,4.9,10.8,.457,1.6,4.3,.369,3.3,6.5,.515,.531,1.2,1.6,.766,1.0,4.7,5.6,2.0,1.6,0.5,1.0,1.9,12.6
Otto Porter Jr.,SF,25,CHI,15,15,32.8,6.5,13.4,.483,2.6,5.3,.488,3.9,8.1,.479,.580,1.9,2.1,.906,0.9,4.6,5.5,2.7,1.2,0.6,1.7,1.9,17.5
Norman Powell,SG,25,TOR,60,3,18.8,3.2,6.7,.483,1.1,2.8,.400,2.1,3.8,.543,.568,1.0,1.3,.827,0.3,2.1,2.3,1.5,0.7,0.2,1.1,1.6,8.6
Taurean Prince,SF,24,ATL,55,47,28.2,4.8,10.8,.441,2.2,5.7,.390,2.5,5.1,.498,.545,1.7,2.1,.819,0.4,3.2,3.6,2.1,1.0,0.3,1.8,2.6,13.5
J.J. Redick,SG,34,PHI,76,63,31.3,5.9,13.5,.440,3.2,8.0,.397,2.8,5.6,.502,.557,3.0,3.4,.894,0.3,2.2,2.4,2.7,0.4,0.2,1.3,1.7,18.1
Davon Reed,SG,23,IND,10,0,4.7,0.5,1.2,.417,0.2,0.4,.500,0.3,0.8,.375,.500,0.0,0.0,0,0.2,0.4,0.6,0.3,0.1,0.0,0.1,0.3,1.2
Cameron Reynolds,SG,23,MIN,19,0,13.6,1.7,4.1,.423,1.1,2.7,.412,0.6,1.4,.444,.558,0.4,0.5,.889,0.2,1.4,1.6,0.7,0.3,0.1,0.3,1.4,5.0
Josh Richardson,SG,25,MIA,73,73,34.8,5.8,14.1,.412,2.2,6.3,.357,3.5,7.8,.458,.492,2.7,3.2,.861,0.7,2.9,3.6,4.1,1.1,0.5,1.5,2.7,16.6
Malachi Richardson,SG,23,TOR,22,0,4.7,0.4,1.3,.310,0.4,1.1,.320,0.0,0.2,.250,.448,0.2,0.2,.800,0.1,0.5,0.6,0.0,0.0,0.0,0.4,0.6,1.4
Austin Rivers,SG,26,TOT,76,15,26.7,3.1,7.5,.406,1.4,4.3,.318,1.7,3.2,.522,.497,0.7,1.3,.526,0.3,1.8,2.1,2.2,0.6,0.3,0.9,2.7,8.1
Austin Rivers,SG,26,WAS,29,2,23.6,2.6,6.7,.392,1.1,3.7,.311,1.5,3.0,.489,.477,0.9,1.6,.543,0.3,2.1,2.4,2.0,0.6,0.3,1.2,2.5,7.2
Austin Rivers,SG,26,HOU,47,13,28.6,3.3,8.0,.413,1.5,4.7,.321,1.8,3.3,.541,.507,0.5,1.0,.510,0.3,1.6,1.9,2.3,0.6,0.3,0.7,2.9,8.7
Devin Robinson,SF,23,WAS,7,0,13.6,2.7,4.6,.594,0.0,0.3,.000,2.7,4.3,.633,.594,1.3,2.0,.643,0.9,2.0,2.9,0.9,0.6,0.9,0.3,1.6,6.7
Duncan Robinson,SF,24,MIA,15,1,10.7,1.2,3.1,.391,0.7,2.3,.286,0.5,0.7,.727,.500,0.3,0.4,.667,0.1,1.1,1.3,0.3,0.3,0.0,0.3,0.7,3.3
Glenn Robinson III,SF,25,DET,47,18,13.0,1.6,3.7,.420,0.4,1.3,.290,1.2,2.4,.491,.472,0.7,0.9,.800,0.4,1.1,1.5,0.4,0.3,0.2,0.4,1.0,4.2
Jerome Robinson,SG,21,LAC,33,0,9.7,1.3,3.3,.400,0.5,1.7,.316,0.8,1.6,.491,.482,0.2,0.3,.667,0.1,1.2,1.2,0.6,0.3,0.1,0.4,1.4,3.4
Terrence Ross,SG,27,ORL,81,0,26.5,5.4,12.7,.428,2.7,7.0,.383,2.8,5.7,.484,.534,1.6,1.8,.875,0.3,3.1,3.5,1.7,0.9,0.4,1.1,1.5,15.1
Brandon Sampson,SG,21,CHI,14,2,15.3,2.0,4.3,.467,0.8,2.1,.379,1.2,2.2,.548,.558,0.3,0.4,.667,0.2,0.9,1.1,0.7,0.6,0.2,0.9,1.4,5.1
JaKarr Sampson,SF,25,CHI,4,0,31.8,7.3,13.5,.537,1.3,3.5,.357,6.0,10.0,.600,.583,4.3,5.3,.810,1.3,6.8,8.0,1.0,1.0,0.8,1.0,2.0,20.0
Thabo Sefolosha,SF,34,UTA,50,2,12.2,1.4,3.0,.477,0.7,1.6,.436,0.7,1.4,.521,.591,0.3,0.4,.636,0.2,2.3,2.5,0.5,0.9,0.1,0.5,0.8,3.8
Wayne Selden,SG,24,TOT,75,13,19.2,2.6,6.4,.406,0.7,2.3,.316,1.9,4.1,.456,.463,0.9,1.2,.728,0.5,1.9,2.4,1.5,0.4,0.2,1.1,1.7,6.9
Wayne Selden,SG,24,MEM,32,0,14.2,2.0,5.0,.404,0.6,2.0,.317,1.4,3.1,.459,.466,0.7,0.9,.759,0.5,0.9,1.4,1.1,0.3,0.2,0.7,1.5,5.4
Wayne Selden,SG,24,CHI,43,13,22.9,3.0,7.5,.407,0.8,2.6,.315,2.2,4.9,.455,.461,1.0,1.5,.714,0.5,2.7,3.2,1.7,0.5,0.2,1.3,1.9,8.0
Landry Shamet,SG,21,TOT,79,27,22.8,3.0,7.1,.431,2.1,5.0,.422,0.9,2.0,.453,.581,0.9,1.2,.806,0.3,1.4,1.7,1.5,0.5,0.1,0.6,2.0,9.1
Landry Shamet,SG,21,PHI,54,4,20.5,2.8,6.4,.441,1.8,4.5,.404,1.0,1.9,.529,.584,0.8,1.0,.815,0.3,1.2,1.4,1.1,0.4,0.1,0.5,2.0,8.3
Landry Shamet,SG,21,LAC,25,23,27.8,3.5,8.4,.414,2.7,6.0,.450,0.8,2.4,.322,.576,1.2,1.6,.795,0.3,2.0,2.2,2.3,0.5,0.1,0.8,2.0,10.9
Iman Shumpert,SG,28,TOT,62,41,23.9,2.7,7.2,.374,1.5,4.4,.348,1.2,2.8,.416,.481,0.6,0.7,.800,0.4,2.5,3.0,1.8,1.0,0.4,0.8,2.0,7.5
Iman Shumpert,SG,28,SAC,42,40,26.2,3.2,8.3,.382,1.8,4.8,.366,1.4,3.5,.404,.489,0.8,1.0,.829,0.5,2.6,3.1,2.2,1.1,0.5,0.9,2.2,8.9
Iman Shumpert,SG,28,HOU,20,1,19.1,1.7,4.9,.347,1.1,3.6,.296,0.7,1.4,.481,.454,0.1,0.2,.500,0.4,2.3,2.7,1.1,0.6,0.2,0.6,1.8,4.6
Jordan Sibert,SG,26,ATL,1,0,4.0,1.0,1.0,1.000,1.0,1.0,1.000,0.0,0.0,0,1.500,0.0,0.0,0,0.0,0.0,0.0,0.0,0.0,0.0,0.0,0.0,3.0
Jonathon Simmons,SG,29,ORL,41,9,20.6,2.5,7.0,.364,0.5,2.0,.229,2.1,5.0,.419,.397,1.4,1.8,.778,0.6,1.9,2.4,2.3,0.4,0.3,1.4,1.7,6.9
Jonathon Simmons,SF,29,PHI,15,0,14.6,1.9,4.3,.453,0.6,1.4,.429,1.3,2.9,.465,.523,1.1,1.7,.640,0.3,1.5,1.7,2.2,0.7,0.1,0.8,1.4,5.5
Anfernee Simons,SG,19,POR,20,1,7.1,1.4,3.2,.444,0.5,1.5,.345,0.9,1.7,.529,.524,0.5,0.8,.563,0.2,0.5,0.7,0.7,0.1,0.0,0.6,0.5,3.8
Marcus Smart,SG,24,BOS,80,60,27.5,3.0,7.1,.422,1.6,4.3,.364,1.4,2.8,.511,.533,1.3,1.6,.806,0.7,2.2,2.9,4.0,1.8,0.4,1.5,2.5,8.9
J.R. Smith,SG,33,CLE,11,4,20.2,2.5,7.2,.342,1.1,3.5,.308,1.4,3.6,.375,.418,0.7,0.9,.800,0.0,1.6,1.6,1.9,1.0,0.3,1.0,1.7,6.7
Zhaire Smith,SG,19,PHI,6,2,18.5,2.3,5.7,.412,1.0,2.7,.375,1.3,3.0,.444,.500,1.0,1.3,.750,0.5,1.7,2.2,1.7,0.3,0.3,1.0,1.3,6.7
Tony Snell,SF,27,MIL,74,12,17.6,2.2,4.9,.452,1.1,2.8,.397,1.1,2.1,.522,.564,0.5,0.6,.881,0.4,1.7,2.1,0.9,0.4,0.2,0.3,1.2,6.0
Nik Stauskas,SG,25,TOT,68,0,14.9,2.0,5.0,.402,1.0,2.8,.372,1.0,2.2,.440,.506,0.8,0.9,.891,0.3,1.6,1.9,1.2,0.3,0.1,0.8,0.7,5.9
Nik Stauskas,SG,25,POR,44,0,15.3,2.2,5.2,.419,1.0,2.8,.344,1.2,2.4,.510,.513,0.7,0.8,.889,0.2,1.6,1.8,1.4,0.3,0.1,0.9,0.7,6.1
Nik Stauskas,SG,25,CLE,24,0,14.3,1.7,4.5,.367,1.1,2.6,.429,0.5,1.9,.283,.491,1.0,1.2,.893,0.3,1.6,2.0,0.8,0.3,0.1,0.5,0.8,5.5
D.J. Stephens,SG,28,MEM,1,0,7.0,1.0,2.0,.500,0.0,0.0,0,1.0,2.0,.500,.500,0.0,0.0,0,0.0,0.0,0.0,0.0,1.0,0.0,1.0,0.0,2.0
Lance Stephenson,SG,28,LAL,68,3,16.5,2.7,6.4,.426,1.1,2.9,.371,1.6,3.5,.472,.510,0.7,1.1,.685,0.5,2.7,3.2,2.1,0.6,0.1,1.3,1.6,7.2
Jayson Tatum,SF,20,BOS,79,79,31.1,5.9,13.1,.450,1.5,3.9,.373,4.4,9.2,.483,.506,2.5,2.9,.855,0.9,5.2,6.0,2.1,1.1,0.7,1.5,2.1,15.7
Garrett Temple,SG,32,TOT,75,55,27.2,2.8,6.6,.422,1.2,3.5,.341,1.6,3.1,.515,.513,1.1,1.4,.748,0.4,2.5,2.9,1.4,1.0,0.4,0.9,2.7,7.8
Garrett Temple,SG,32,MEM,49,49,31.2,3.4,7.9,.429,1.5,4.3,.352,1.9,3.6,.520,.525,1.2,1.6,.750,0.4,2.7,3.1,1.4,1.0,0.5,1.1,2.7,9.4
Garrett Temple,SG,32,LAC,26,6,19.6,1.6,4.1,.396,0.6,2.1,.296,1.0,2.0,.500,.472,0.9,1.2,.742,0.4,2.1,2.5,1.4,1.0,0.2,0.6,2.7,4.7
Jared Terrell,SG,23,MIN,14,0,7.9,0.9,2.8,.308,0.3,1.2,.235,0.6,1.6,.364,.359,0.2,0.4,.500,0.1,0.4,0.4,0.9,0.2,0.1,0.7,1.1,2.2
Isaiah Thomas,SG,29,DEN,12,0,15.1,2.8,8.3,.343,1.0,3.6,.279,1.8,4.7,.393,.404,1.4,2.3,.630,0.4,0.7,1.1,1.9,0.4,0.1,1.5,1.4,8.1
Khyri Thomas,SG,22,DET,26,0,7.5,0.8,2.7,.319,0.4,1.3,.286,0.5,1.3,.353,.391,0.3,0.4,.636,0.2,0.6,0.8,0.3,0.3,0.2,0.2,0.8,2.3
Klay Thompson,SG,28,GSW,78,78,34.0,8.4,18.0,.467,3.1,7.7,.402,5.3,10.3,.516,.553,1.7,2.0,.816,0.5,3.4,3.8,2.4,1.1,0.6,1.5,2.0,21.5
Sindarius Thornwell,SG,24,LAC,64,1,4.9,0.3,0.8,.347,0.0,0.2,.200,0.2,0.5,.412,.378,0.4,0.5,.735,0.1,0.6,0.7,0.3,0.2,0.1,0.3,0.6,1.0
Gary Trent Jr.,SG,20,POR,15,1,7.4,1.1,3.3,.320,0.3,1.4,.238,0.7,1.9,.379,.370,0.2,0.5,.429,0.1,0.7,0.7,0.3,0.1,0.1,0.3,0.3,2.7
Allonzo Trier,SG,23,NYK,64,3,22.8,3.6,8.1,.448,0.8,2.1,.394,2.8,6.0,.466,.498,2.8,3.5,.803,0.5,2.6,3.1,1.9,0.4,0.2,1.8,1.8,10.9
Dwyane Wade*,SG,37,MIA,72,2,26.2,5.8,13.3,.433,1.2,3.6,.330,4.6,9.7,.472,.478,2.3,3.2,.708,1.0,3.0,4.0,4.2,0.8,0.5,2.3,1.6,15.0
Dion Waiters,SG,27,MIA,44,28,25.9,4.5,10.9,.414,2.5,6.6,.377,2.0,4.3,.471,.528,0.5,1.0,.500,0.2,2.5,2.6,2.8,0.7,0.2,1.5,1.6,12.0
Lonnie Walker IV,SG,20,SAS,17,0,6.9,0.9,2.7,.348,0.3,0.8,.385,0.6,1.9,.333,.402,0.5,0.6,.800,0.0,1.0,1.0,0.5,0.4,0.2,0.2,0.4,2.6
T.J. Warren,SF,25,PHO,43,36,31.6,6.9,14.2,.486,1.8,4.2,.428,5.1,10.0,.510,.549,2.3,2.9,.815,0.7,3.3,4.0,1.5,1.2,0.7,1.2,2.8,18.0
Julian Washburn,SF,27,MEM,18,3,14.1,0.9,2.7,.333,0.3,1.3,.208,0.6,1.3,.458,.385,0.2,0.2,.750,0.4,1.8,2.3,0.8,0.7,0.1,0.4,0.9,2.2
Yuta Watanabe,SF,24,MEM,15,0,11.6,1.0,3.4,.294,0.1,1.1,.125,0.9,2.3,.371,.314,0.5,0.7,.700,0.3,1.8,2.1,0.5,0.3,0.1,0.4,0.7,2.6
Andrew Wiggins,SF,23,MIN,73,73,34.8,6.8,16.6,.412,1.6,4.8,.339,5.2,11.8,.441,.461,2.8,4.1,.699,1.1,3.7,4.8,2.5,1.0,0.7,1.9,2.1,18.1
C.J. Williams,SG,28,MIN,15,0,8.5,1.1,2.3,.486,0.3,1.1,.313,0.8,1.3,.632,.557,0.0,0.1,.000,0.1,0.5,0.5,0.8,0.4,0.0,0.3,1.1,2.6
Kenrich Williams,SF,24,NOP,46,29,23.5,2.3,6.1,.384,1.1,3.4,.333,1.2,2.7,.447,.477,0.3,0.4,.684,1.2,3.6,4.8,1.8,1.0,0.4,0.8,2.1,6.1
Lou Williams,SG,32,LAC,75,1,26.6,6.5,15.2,.425,1.4,3.9,.361,5.1,11.3,.447,.471,5.7,6.5,.876,0.5,2.4,3.0,5.4,0.8,0.1,2.4,1.1,20.0
Troy Williams,SF,24,SAC,21,0,14.9,2.1,4.7,.449,0.7,2.1,.318,1.4,2.6,.556,.520,0.4,0.7,.600,0.6,2.2,2.8,0.5,0.5,0.4,0.4,1.8,5.3
Justise Winslow,SF,22,MIA,66,52,29.7,4.9,11.3,.433,1.5,3.9,.375,3.5,7.5,.462,.497,1.3,2.1,.628,1.0,4.4,5.4,4.3,1.1,0.3,2.2,2.7,12.6
Nick Young,SG,33,DEN,4,0,9.3,0.8,2.3,.333,0.8,2.0,.375,0.0,0.3,.000,.500,0.0,0.0,0,0.0,0.3,0.3,0.5,0.0,0.3,0.5,1.0,2.3
